Kp,Ki,Kd,RiseTime,Overshoot,SettlingTime
20,0,0,0.327076902785752,2.00268654062057,1.69237218119544
20,0,0.5,0.32876405955917,0.750086614055934,1.49865125440496
20,0,1,0.34245529246605,0.10835749767435,1.54895035492392
20,0,1.5,0.349985389602621,0.00473583585096637,1.60339310340068
20,0,2,0.352131799081699,0.00467986724339564,1.65531662236927
20,0,2.5,0.349271521754102,0.00580731880552854,1.69750165882982
20,0,3,0.34232255413144,0.00828270373753881,1.72884128820559
20,0,3.5,0.329473863290679,0.00846269782466269,1.75343064292463
20,0,4,0.310974183850311,0.00967124953088483,1.76875364712994
20,0,4.5,0.285971065826204,0.00887603067574183,1.77642058787349
20,0,5,0.256150684734601,0.01272202277387,1.77468154725787
20,20,0,1.007814834867,0,3.72051228686442
20,20,0.5,1.04854791871078,0,3.72104633039206
20,20,1,1.10048580615773,0,3.72178752653892
20,20,1.5,1.15055619522749,0,3.72208134553478
20,20,2,1.19808294047174,0,3.7246758590416
20,20,2.5,1.24371973360004,0,3.72659432040082
20,20,3,1.28719337766555,0,3.72953236677276
20,20,3.5,1.3292851814339,0,3.73491996996444
20,20,4,1.37074647808997,0,3.7411795856192
20,20,4.5,1.41116433711428,0,3.75221301929425
20,20,5,1.45063871886319,0,3.76415774797419
20,40,0,0.401413992478355,1.69925841766374,1.5867435477542
20,40,0.5,0.439772869968403,1.06367270728203,1.66900301120835
20,40,1,0.493236215379447,1.12096217439981,1.75320671437161
20,40,1.5,0.542878715337884,1.31883157354706,1.82470791708561
20,40,2,0.587806706796189,1.52226542658673,1.88555500045683
20,40,2.5,0.629011230368159,1.71713203476382,1.9385376723565
20,40,3,0.66626879504636,1.90222605087882,1.98661298619836
20,40,3.5,0.701040066346112,2.07653231566496,2.79168441377618
20,40,4,0.73322700919662,2.24838061722206,2.97771365210916
20,40,4.5,0.763502058930948,2.40998268301269,3.12200180027447
20,40,5,0.792287075821667,2.56631949302877,3.25617925268577
20,60,0,0.323945068134867,12.6861958311346,2.23208751982067
20,60,0.5,0.346758823550494,10.5179995245112,2.33451195856211
20,60,1,0.37933352093189,9.16023818407481,2.43180855873812
20,60,1.5,0.411093939668387,8.30341982830534,2.51987437662951
20,60,2,0.440078976726251,7.73224034923161,2.60103068144234
20,60,2.5,0.467859736649925,7.36079270833465,2.67617328002838
20,60,3,0.494227890199615,7.08001368658298,2.74756461406251
20,60,3.5,0.519414499068173,6.8826253269082,2.81559950234216
20,60,4,0.543108262128952,6.73828374680743,2.8818888117206
20,60,4.5,0.565901807977081,6.63560453311201,2.94738421241604
20,60,5,0.587209788719252,6.56742971494784,3.01291010736389
20,80,0,0.289400919575587,21.4835992337534,2.58709821915112
20,80,0.5,0.300163944278017,18.8357550824779,2.64679348779885
20,80,1,0.32590143128277,16.5428886938961,2.26310800549808
20,80,1.5,0.34871851095881,14.9073553989216,2.33364327117516
20,80,2,0.37023847126331,13.694364223629,2.40062044242179
20,80,2.5,0.390463461650482,12.7497160852343,2.46359499133899
20,80,3,0.409965519272553,12.030698291484,2.5227003257999
20,80,3.5,0.429500389512514,11.4324266779368,2.57772218685674
20,80,4,0.4482064307747,10.9127701096724,2.62905080416212
20,80,4.5,0.466471854410505,10.4581408448485,3.30464569618862
20,80,5,0.484746373505484,10.0511516879414,3.45886225509437
20,100,0,0.263512771861675,30.1853665727154,2.5969394574021
20,100,0.5,0.270724198819616,26.1690669126762,2.68480085350896
20,100,1,0.292245820619649,23.0693406879463,2.77229740878602
20,100,1.5,0.311091348480015,20.7049577897713,2.85587170437694
20,100,2,0.327843201020935,18.9079252779752,2.93436244157004
20,100,2.5,0.343544063935072,17.5144214851129,3.00601349042601
20,100,3,0.358886026309545,16.4424137467248,3.073357004601
20,100,3.5,0.373420876438587,15.5847772991477,3.13856910849468
20,100,4,0.387528798648929,14.8694478009154,3.20291409320698
20,100,4.5,0.401796023556716,14.2015938816881,3.27040601423945
20,100,5,0.415832096822614,13.6469310816689,3.34102089451543
20,120,0,0.243174480426565,37.1861799791001,3.03105306667723
20,120,0.5,0.249885934145559,32.7953913380243,3.10628874965411
20,120,1,0.268492452912252,28.9851887282896,3.1602576464522
20,120,1.5,0.284589544104445,25.9700896060775,2.75293509243934
20,120,2,0.298794262664715,23.545111935842,2.83007050100313
20,120,2.5,0.312361927434831,21.6081984291254,2.90292856001931
20,120,3,0.325137602946366,20.1209226622361,2.96984033029502
20,120,3.5,0.337045539557983,18.9756446875115,3.03063911607549
20,120,4,0.348273563503769,18.0332565086412,3.08595584248247
20,120,4.5,0.359095899713702,17.2893154835066,3.13728385964385
20,120,5,0.369787762548151,16.6535713228346,3.18672172540328
20,140,0,0.22978373382689,42.3286711815537,3.45003936998897
20,140,0.5,0.233205346828637,38.5585656837738,3.06018868990842
20,140,1,0.249715033818181,34.4147320968675,3.14944265583395
20,140,1.5,0.263861605337718,30.9981159511912,3.2299905677165
20,140,2,0.27656458249396,28.0099967399088,3.29658002226722
20,140,2.5,0.288345154562377,25.5041499907328,3.35163030709334
20,140,3,0.29958034571062,23.5446748714499,3.39848219329605
20,140,3.5,0.31026296636488,21.8206269315684,3.44581730608784
20,140,4,0.320629887331972,20.6011620107327,3.50361460289948
20,140,4.5,0.330408232224649,19.5552669481122,3.58750712233177
20,140,5,0.339458378230468,18.7755657515986,3.68896691545969
20,160,0,0.219509111389758,48.3669531067083,3.74043761968783
20,160,0.5,0.220748014700983,43.4667185138751,3.50575982885383
20,160,1,0.235511138957581,39.1046471153669,3.56065544684138
20,160,1.5,0.247513336920572,35.3712935356206,3.56916936221153
20,160,2,0.257910576614186,32.348451064334,3.23013101464686
20,160,2.5,0.267987250147414,29.530079582945,3.30164376173615
20,160,3,0.278067828551853,27.1521059130893,3.36064079102869
20,160,3.5,0.288084178681352,24.9566057043945,3.41067140316987
20,160,4,0.297923612298658,23.2085799779461,3.45657233721497
20,160,4.5,0.307379813934591,21.7374611775066,3.50483458959399
20,160,5,0.316274416894589,20.4949678859602,3.5613647071074
20,180,0,0.209818382470133,55.4187479982991,4.21523880902802
20,180,0.5,0.210154833539961,48.2108145407185,4.33453779180386
20,180,1,0.224655294794653,42.71846677394,3.52592551852087
20,180,1.5,0.235672043852057,38.9839711188561,3.59153772407473
20,180,2,0.244466204012009,35.909947905484,3.63594050035716
20,180,2.5,0.252259427119492,33.1619602066793,3.6656292333507
20,180,3,0.260038638167878,30.7437631518624,3.6737442689604
20,180,3.5,0.268170672037875,28.3518233957874,3.34556366023114
20,180,4,0.276855459293755,26.2659747195095,3.86694889326346
20,180,4.5,0.286045318140968,24.3509167919914,4.02173389130651
20,180,5,0.295186659124289,22.6306737531386,4.15203542294777
20,200,0,0.200295275094954,63.2950934599284,4.78410720955371
20,200,0.5,0.199371357667403,53.8822642133994,4.69910334795732
20,200,1,0.214545639304404,46.8904537118625,4.43043074084251
20,200,1.5,0.225954065465859,41.9132255410083,4.52784639310829
20,200,2,0.234339026242572,38.339668769087,3.6003462440146
20,200,2.5,0.24081218890793,35.8147030403801,4.10846717841211
20,200,3,0.246644444558689,33.6263801991004,4.26679034516742
20,200,3.5,0.252620035832342,31.4132067080807,4.38276087355383
20,200,4,0.259232195070821,29.3973025009039,4.42246472230297
20,200,4.5,0.266617983476634,27.3344549451383,3.87210333544631
20,200,5,0.27468260284771,25.3564204771459,3.98519366404401
30,0,0,0.247079010739151,5.32879274722644,1.67751564895446
30,0,0.5,0.240923911205587,3.58556470498148,1.6367657003712
30,0,1,0.249298333593416,1.92959930627707,1.36137831397462
30,0,1.5,0.254818811499934,0.810185950418019,1.38546408271542
30,0,2,0.258270568629151,0.170090488123642,1.41703837158925
30,0,2.5,0.259684839338698,0.00655947031278359,1.45347062167227
30,0,3,0.259255430682845,0.00810339955372719,1.49263760273979
30,0,3.5,0.256825527806417,0.00824321232248959,1.52762381394496
30,0,4,0.252127711169007,0.0095304329743584,1.55728159632042
30,0,4.5,0.244721676298213,0.0094381031952695,1.58246389498584
30,0,5,0.237081446009932,0.0109114247947906,1.60174369253722
30,20,0,0.378093941538111,0,3.87627443310163
30,20,0.5,0.938230028661479,0,3.88198039088486
30,20,1,0.951810882555993,0,3.88749366667602
30,20,1.5,0.975805124129183,0,3.8933264067396
30,20,2,1.00510645658716,0,3.9027081375857
30,20,2.5,1.03649999290673,0,3.90759948095507
30,20,3,1.06844528127901,0,3.91458151753085
30,20,3.5,1.10010670687919,0,3.91976801305726
30,20,4,1.13112974838942,0,3.92836512569855
30,20,4.5,1.16224529720045,0,3.93537156140982
30,20,5,1.19231213810608,0,3.94366370986082
30,40,0,0.305288592792226,0,2.50956481133124
30,40,0.5,0.330713283285904,0,2.50126609509453
30,40,1,0.373707087966791,0,2.48428280445551
30,40,1.5,0.422076366894036,0,2.46131970452754
30,40,2,0.471748758387707,0,2.43910635289947
30,40,2.5,0.519924584916848,0,2.41778986293297
30,40,3,0.563038473734055,0.0014856624622972,2.40882276660356
30,40,3.5,0.601816469733052,0.00424974307353665,2.40725967150476
30,40,4,0.636964189753662,0.0016022986501163,2.41290845618417
30,40,4.5,0.66935766430573,0.00562642900698851,2.42441784430704
30,40,5,0.698991330017053,0.00554726753456691,2.43941443991513
30,60,0,0.28012976231983,6.55945734088479,1.77538457854758
30,60,0.5,0.279294040256885,4.37332594211655,1.7935729987642
30,60,1,0.304570471048864,2.69941477798121,1.80025031833192
30,60,1.5,0.329240676552144,1.86524938117796,1.48632579648315
30,60,2,0.356026453776405,1.62685644894358,1.54070016198624
30,60,2.5,0.382526163001208,1.62106391270878,1.59366970255283
30,60,3,0.409341012851351,1.67312986275232,1.64210180166847
30,60,3.5,0.435697846750034,1.75143025740319,1.68553202685905
30,60,4,0.459834874946073,1.82986904792279,1.7248568334757
30,60,4.5,0.483716914057206,1.90972892101602,1.76055579872092
30,60,5,0.505542545055002,1.99529842859916,1.79433315438888
30,80,0,0.252171624977851,14.0508653712988,1.89209377559899
30,80,0.5,0.251940230998144,11.2417569724738,1.97203927775856
30,80,1,0.270884860501113,8.96418196209916,2.06016598351766
30,80,1.5,0.288578029807667,7.45210285543336,2.14297494000952
30,80,2,0.305636194312273,6.47692714518755,2.21799584791514
30,80,2.5,0.324755517246498,5.8704196383754,2.28729990526603
30,80,3,0.343102945980994,5.4973495329806,2.35288895097028
30,80,3.5,0.361627094258808,5.23725160243371,2.41358523794921
30,80,4,0.380015907180255,5.0597999671165,2.47159396413405
30,80,4.5,0.397722335340877,4.93179603397587,2.52776608371672
30,80,5,0.415237297469053,4.82873301262463,2.58160616055745
30,100,0,0.233718847191914,20.9829202706048,1.87725342639275
30,100,0.5,0.231826628079806,17.4333865681268,1.94369744696101
30,100,1,0.247084597490008,14.6124378513759,2.01504987587619
30,100,1.5,0.26202730493089,12.5090567418924,2.08311166535247
30,100,2,0.276385867801917,11.02234325128,2.14689788115272
30,100,2.5,0.290331225450265,9.98056529372004,2.20599760317958
30,100,3,0.304025947901247,9.20976603269994,2.2602909052719
30,100,3.5,0.317660676399249,8.63908413926395,2.31292844212464
30,100,4,0.33228915693744,8.19702851089092,2.36293140295581
30,100,4.5,0.34633499467151,7.84479920800789,2.41021120581555
30,100,5,0.359918475161668,7.54474067620921,2.45509612500733
30,120,0,0.223155179347213,27.1876888486271,2.23928786750537
30,120,0.5,0.217544303046004,22.9760612652685,2.27391338526436
30,120,1,0.231272692710889,19.7428824082787,2.28597573803681
30,120,1.5,0.243469503576955,17.1803694679233,2.00306522928817
30,120,2,0.254784102091153,15.2003462065957,2.05692284193108
30,120,2.5,0.265614958760481,13.7656025433224,2.10822023140734
30,120,3,0.277075620607416,12.6445737705949,2.15748776531598
30,120,3.5,0.288665818546533,11.7896979326016,2.20376080890633
30,120,4,0.300085690889875,11.0827291425151,2.24807081780565
30,120,4.5,0.31118576962441,10.5507036374663,2.29195149865853
30,120,5,0.322146533948959,10.1040914792156,2.33334260797345
30,140,0,0.214023688413118,32.6474368202997,2.25401698482654
30,140,0.5,0.205473704433424,28.1525153239267,2.3102052033418
30,140,1,0.217984139107447,24.3928817304121,2.37037904814209
30,140,1.5,0.228889243189107,21.4898280773751,2.43073911436697
30,140,2,0.238839166471473,19.1011193315404,2.49037322591485
30,140,2.5,0.248292671165534,17.2955601344883,2.54908643353412
30,140,3,0.257588053327138,15.8574202745563,2.60763741594574
30,140,3.5,0.266760551110482,14.6814920219486,2.66458010977045
30,140,4,0.275889262041782,13.7560803918118,2.71885368275623
30,140,4.5,0.285455322245243,13.0067523060013,2.77082647321093
30,140,5,0.29509920827553,12.380149991748,2.8190406367516
30,160,0,0.206019221855308,37.3482556156821,2.62016293837799
30,160,0.5,0.195979717077678,32.8457309899912,2.61479174882296
30,160,1,0.20723068358597,28.7850374858545,2.34712687176272
30,160,1.5,0.21681896478805,25.4288852108024,2.40741675862584
30,160,2,0.225325061455502,22.7806878757614,2.4666445897973
30,160,2.5,0.233638356128302,20.5602677607758,2.5245188938866
30,160,3,0.241851801293379,18.8612417621689,2.58172070397137
30,160,3.5,0.249945808781763,17.413944622084,2.63799184005181
30,160,4,0.258029274262378,16.2659507138742,2.69301934546592
30,160,4.5,0.266100476708412,15.264187837927,2.74597983257082
30,160,5,0.274130478486883,14.4756341431625,2.79696227510799
30,180,0,0.198911618256068,41.2679118482519,2.62638286150041
30,180,0.5,0.187928454266228,37.3614480159373,2.67496704050691
30,180,1,0.198508397553485,32.8012926913609,2.71567839827351
30,180,1.5,0.20740641920835,29.1374935534598,2.73724098568865
30,180,2,0.215142139402618,26.1488604217642,2.41942079009909
30,180,2.5,0.222170693438635,23.6983550462188,2.47377744782607
30,180,3,0.228921855064044,21.7247059470359,2.52641927417519
30,180,3.5,0.235549753502288,20.00163994757,2.57847891948647
30,180,4,0.242664481557898,18.6683668347294,2.63060122841152
30,180,4.5,0.249916050285601,17.4437457270404,2.68186634089282
30,180,5,0.257224758139369,16.4758383522684,2.73231604133359
30,200,0,0.192562682795552,44.5993817499625,2.98987969965873
30,200,0.5,0.180772456688423,41.4095510213346,2.98227424993315
30,200,1,0.190751893745928,36.684250911387,2.71357070822519
30,200,1.5,0.199102803786623,32.6136339563304,2.76527440372423
30,200,2,0.206259002579456,29.2601195637793,2.81400799299199
30,200,2.5,0.212633687419598,26.6027286351588,2.86150423989116
30,200,3,0.218668021606751,24.2899243326429,2.90741522345351
30,200,3.5,0.224484692373998,22.5052380515326,2.94427725511251
30,200,4,0.230296793889016,20.9541467724672,2.56456514036354
30,200,4.5,0.23621771901844,19.5803552225337,2.61163628126847
30,200,5,0.242309071013402,18.4481768167089,2.65896466908908
40,0,0,0.201857476324707,9.47379197118627,1.59756527116106
40,0,0.5,0.193519650759759,6.81145759336816,1.58518210777855
40,0,1,0.198709503366594,4.65079463222324,1.56385628691343
40,0,1.5,0.201743540432114,2.97566740141715,1.5241464283975
40,0,2,0.203392080297123,1.69795148468506,1.29982605030278
40,0,2.5,0.204113416108,0.762050855134055,1.31738249685195
40,0,3,0.204311020614734,0.190879973859159,1.33641727442661
40,0,3.5,0.20352182178291,0.00826893124070693,1.3634544848211
40,0,4,0.20202548230013,0.0091769966594768,1.39280065703713
40,0,4.5,0.199693548538086,0.00906636957547224,1.42226518143626
40,0,5,0.196251046352672,0.0111246274807186,1.44871678379477
40,20,0,0.249844820855791,0,3.85050756257187
40,20,0.5,0.2685204805793,0,3.8560894082326
40,20,1,0.295888826776958,0,3.86110151437701
40,20,1.5,0.345072570313958,0,3.86697780104114
40,20,2,0.476109710666818,0,3.87454879661301
40,20,2.5,0.658903621134197,0,3.8796447000782
40,20,3,0.709152680513244,0,3.88487106713633
40,20,3.5,0.747868724021429,0,3.89005712037917
40,20,4,0.782097092347267,0,3.89626397914511
40,20,4.5,0.813520247398227,0,3.90594927750657
40,20,5,0.842717039805949,0,3.91073049906023
40,40,0,0.23886555449126,0.575681033727293,2.88570389964757
40,40,0.5,0.249490098208041,0,2.88521257918294
40,40,1,0.273512623688144,0,2.88397535467146
40,40,1.5,0.29867805205846,0,2.88240571478826
40,40,2,0.332917837862052,0,2.88453982509692
40,40,2.5,0.376210927400962,0,2.88191738163283
40,40,3,0.425265587721046,0,2.88000304011326
40,40,3.5,0.471663744542961,0,2.88015552836241
40,40,4,0.511323875457555,0,2.87923421733862
40,40,4.5,0.546069907082114,0.00176392651018986,2.8787538991318
40,40,5,0.577485597389163,0,2.8775625803856
40,60,0,0.225630147749489,6.24056301467857,2.0241758393098
40,60,0.5,0.227870220777019,3.30098073843297,1.99139788734116
40,60,1,0.243482977710688,0.952826585060396,1.9086647780605
40,60,1.5,0.259554974057836,0.00116933444003209,1.41086862993518
40,60,2,0.280021326783876,0,1.52668251580945
40,60,2.5,0.300880503498853,0.00121434546789256,1.69049810435049
40,60,3,0.323628040099348,0.002542163046515,1.75360557896208
40,60,3.5,0.348910034257867,0.00547922974321047,1.79567425502065
40,60,4,0.374370428536794,0.00619239103722968,1.8313048278521
40,60,4.5,0.398512917014502,0.00566590925425992,1.86303169605058
40,60,5,0.422117263478975,0.0086285713452261,1.89328685197207
40,80,0,0.21281253053339,11.9227352743829,1.66185129754877
40,80,0.5,0.21091192258916,8.5907812466643,1.67189863475317
40,80,1,0.224246688161413,5.96291171113381,1.68878369934218
40,80,1.5,0.237500964065806,3.97676583576774,1.70198592945165
40,80,2,0.250664028433963,2.61782625933673,1.70336042703199
40,80,2.5,0.264184348594109,1.92566111588386,1.39643391127131
40,80,3,0.279295771357723,1.66468384029821,1.43655240837264
40,80,3.5,0.29650284228867,1.59538682884965,1.47778886046467
40,80,4,0.313187122388348,1.59846484280741,1.51725700446815
40,80,4.5,0.33024044475098,1.62844892558656,1.55297928997073
40,80,5,0.347797929082654,1.66062055050118,1.5853181137754
40,100,0,0.20077039854268,17.2715166357394,1.70447954051921
40,100,0.5,0.199131374351846,13.5658257963397,1.74546695359252
40,100,1,0.209911454880112,10.5632721314264,1.80200226758875
40,100,1.5,0.220213090051744,8.33322665118494,1.86860580878615
40,100,2,0.230752836139252,6.64338852299406,1.93605904974947
40,100,2.5,0.241974558736967,5.53351640106772,2.00068507246453
40,100,3,0.253568293621865,4.83970306789203,2.05963024741044
40,100,3.5,0.265426695662008,4.41917003424033,2.11538485236864
40,100,4,0.27743798765788,4.15807343976582,2.16814059580132
40,100,4.5,0.290743364559934,3.98192155699462,2.2181375449197
40,100,5,0.304409017631016,3.8531943960268,2.26563875920867
40,120,0,0.188988194437874,22.1806138800546,1.7126751616944
40,120,0.5,0.189496177131498,18.2098844636381,1.75763352954076
40,120,1,0.199293100960974,14.8573002291051,1.81515809565711
40,120,1.5,0.208501469448371,12.3653640459945,1.87861132113689
40,120,2,0.217081699826781,10.3703681869175,1.94091478628538
40,120,2.5,0.225569000494682,8.89711251776113,1.99858077216412
40,120,3,0.234201981685841,7.88736239617092,2.05046796569275
40,120,3.5,0.243807615354791,7.18305206009446,2.09914499605105
40,120,4,0.25411907768623,6.67164711792401,2.14574129068407
40,120,4.5,0.264497263101089,6.29134201800596,2.18962315735774
40,120,5,0.274906278047262,5.99426493123119,2.23103214003844
40,140,0,0.183508584719191,26.5521335981993,1.99376823364473
40,140,0.5,0.181192092188346,22.5294859264878,1.74188942885217
40,140,1,0.190062712158207,18.9656203105159,1.79190336999704
40,140,1.5,0.198383907215711,16.0179051536741,1.84588239538564
40,140,2,0.205973059103608,13.8522836255947,1.89934712490466
40,140,2.5,0.213379432665007,12.106833493285,1.9507292888053
40,140,3,0.220840810713216,10.755426404412,1.99796850133438
40,140,3.5,0.228401848133275,9.8049306785092,2.04226448700211
40,140,4,0.236120765523038,9.07060403495852,2.08412547337877
40,140,4.5,0.244069239955859,8.50522671030996,2.12382754394056
40,140,5,0.25325418358419,8.05439552223348,2.16243770810811
40,160,0,0.179707590194651,30.2654259049417,2.03412441345415
40,160,0.5,0.174754645440096,26.5314730353198,2.05543500644169
40,160,1,0.182832068691751,22.7783255696718,2.06139139196889
40,160,1.5,0.190113599682623,19.5769830350028,1.80790254615072
40,160,2,0.196514584167161,17.0482157051236,1.85389296526458
40,160,2.5,0.202831066423166,15.0403216352495,1.89856750099523
40,160,3,0.209353456417385,13.5212987671677,1.94224496306332
40,160,3.5,0.216009178688584,12.2489897372546,1.98272085549512
40,160,4,0.222788880014074,11.3546215132229,2.02097195071678
40,160,4.5,0.229690546875135,10.5994116180938,2.05765260439789
40,160,5,0.236747046415698,9.9720442953894,2.09287331719533
40,180,0,0.175844097539381,33.4744865090088,2.27914618342283
40,180,0.5,0.168967385353594,30.2224123898969,2.08013690086395
40,180,1,0.176607829243496,26.3017074387569,2.11788649729594
40,180,1.5,0.183426093214246,22.9475871076634,2.15556809740915
40,180,2,0.189315525348859,20.0729558197278,2.1914756856151
40,180,2.5,0.194840136794175,17.9095586728746,2.2236498185163
40,180,3,0.200184075767527,16.0477969075407,2.24627569410641
40,180,3.5,0.205364544852022,14.6643977913126,1.92882908029034
40,180,4,0.211257461655811,13.4859009562833,1.96447563791125
40,180,4.5,0.217384571701255,12.5948617032933,1.99861309521505
40,180,5,0.223667033442862,11.8123877420459,2.03085922745606
40,200,0,0.172341225106198,36.6502035313872,2.37236463743587
40,200,0.5,0.163729877992337,33.934016686554,2.32301690280149
40,200,1,0.170985834811564,29.5419655745244,2.12141658767955
40,200,1.5,0.177401539585513,26.0535535692861,2.16670118997367
40,200,2,0.182852689898874,23.0538612055844,2.21297095218231
40,200,2.5,0.187903934249358,20.4709768804222,2.25845574384762
40,200,3,0.19273055033003,18.5579023759017,2.30351354307876
40,200,3.5,0.197407906026906,16.8649921250197,2.34626807038906
40,200,4,0.20207852459972,15.5729231501516,2.38901504133722
40,200,4.5,0.206823232270595,14.4889409548332,2.43133221584144
40,200,5,0.212256400148073,13.5637821459239,2.47267342572083
50,0,0,0.172078250858827,12.7086824621929,1.5354859881602
50,0,0.5,0.163609533230331,9.85940383677664,1.52823781548983
50,0,1,0.167021278227921,7.47223816012774,1.52063146702653
50,0,1.5,0.169079351998743,5.46818066033525,1.50627068021998
50,0,2,0.170494622020674,3.8407450778086,1.48224929181377
50,0,2.5,0.171067139135081,2.52134215736584,1.43677121231029
50,0,3,0.171029332475519,1.47888698537491,1.25578255800451
50,0,3.5,0.170454755045514,0.68289123956522,1.26666270209177
50,0,4,0.169239440566902,0.167970956741659,1.28370422322613
50,0,4.5,0.167611105956019,0.00891380653609275,1.30140076069399
50,0,5,0.165545595913514,0.011130264791781,1.32583457177451
50,20,0,0.201551690326941,2.35516780719507,3.75432560661415
50,20,0.5,0.200918712632531,0,3.75950798388255
50,20,1,0.212498754543741,0,3.76498090087599
50,20,1.5,0.224142793290001,0,3.77015320382335
50,20,2,0.240772512490472,0,3.77470445258953
50,20,2.5,0.26033359324254,0,3.78111976845012
50,20,3,0.286856564707039,0,3.78675579482766
50,20,3.5,0.324970052291095,0,3.79201091901683
50,20,4,0.381210132403413,0,3.79740458666033
50,20,4.5,0.435306504986795,0,3.80106115109139
50,20,5,0.478690043029459,0,3.8075655282691
50,40,0,0.200325759344393,3.99850096506134,3.0520041108754
50,40,0.5,0.199283916581361,1.03929347245708,3.05532212372558
50,40,1,0.211161276239486,0,3.05868398042802
50,40,1.5,0.22319261568496,0,3.06216370815208
50,40,2,0.239603108707842,0,3.06528687580791
50,40,2.5,0.258737735768207,0,3.06973640438273
50,40,3,0.282083993175597,0,3.07197328654554
50,40,3.5,0.314760466074463,0,3.075754217913
50,40,4,0.353650149271329,0,3.08177932228981
50,40,4.5,0.393299631189492,0,3.0858839882735
50,40,5,0.429336526427377,0,3.08892772780439
50,60,0,0.192856256508171,7.90012871468975,2.13902704838173
50,60,0.5,0.189167882946744,4.70379716928897,2.18247705327371
50,60,1,0.19972598882953,1.99191153786444,2.19854219823317
50,60,1.5,0.210243417672787,0,2.2043181167351
50,60,2,0.221058601696806,0.000526216024576698,2.20405344462711
50,60,2.5,0.232739777225994,0,2.19992891519371
50,60,3,0.249006339787388,0.000178238648351758,2.19316843960361
50,60,3.5,0.266850852989458,0.00437563099098259,2.18470781119238
50,60,4,0.285975888345008,0.000712721972351282,2.17839356734062
50,60,4.5,0.309890332858085,0.00488671781717631,2.17392568373606
50,60,5,0.332115838622703,0,2.17250203817703
50,80,0,0.184607072453228,12.1040406017834,1.86771861207628
50,80,0.5,0.180388138044951,8.67952417483517,1.83609887695682
50,80,1,0.188912729553832,5.74507484378404,1.51488646329482
50,80,1.5,0.197242006913201,3.44471686479024,1.48579744601454
50,80,2,0.20632008477508,1.51428691086533,1.30016783468393
50,80,2.5,0.216000653686149,0.148294368123625,1.33216765950008
50,80,3,0.226286426038479,0.00298254486859051,1.37867047565874
50,80,3.5,0.237291927737846,0.0045160733634475,1.44654364168106
50,80,4,0.250740745984172,0.00671231999695987,1.51346796701483
50,80,4.5,0.266067077329853,0.0094632502412928,1.56374265189486
50,80,5,0.281231988899108,0.0110228271672286,1.60468250774175
50,100,0,0.176491876195546,16.172110803071,1.80428371225522
50,100,0.5,0.173205988895145,12.5717354488827,1.58260429745515
50,100,1,0.181052522703621,9.4223347853015,1.59495485508003
50,100,1.5,0.188218910368757,6.95784006543081,1.60678875466708
50,100,2,0.195016461980779,4.86961737474245,1.61663479973675
50,100,2.5,0.201952146598817,3.35247874829026,1.62040558956076
50,100,3,0.210260808269234,2.30277683900169,1.60350484640764
50,100,3.5,0.219376077528528,1.76005620225175,1.33961408606956
50,100,4,0.229100423972229,1.54245212190918,1.37286317566639
50,100,4.5,0.239214956423405,1.48278172282146,1.40674070234718
50,100,5,0.250080348980381,1.46243742361505,1.43958036653416
50,120,0,0.168462842066884,19.994418127776,1.79652590966727
50,120,0.5,0.166781793528809,16.3131147409063,1.61561867955107
50,120,1,0.174056702168807,12.9532402615097,1.64586262355734
50,120,1.5,0.18060265600439,10.2925586952774,1.68440765935854
50,120,2,0.186687299666708,8.05561465685827,1.73171106889416
50,120,2.5,0.192822774698386,6.35047270544131,1.78319196966017
50,120,3,0.198984818741615,5.09218716807875,1.83475795129949
50,120,3.5,0.205353623526621,4.2645003270849,1.8842366969322
50,120,4,0.212734515042136,3.75664939471203,1.93082413748396
50,120,4.5,0.22145773923033,3.46589903916981,1.97586193748342
50,120,5,0.23049832258901,3.27740078477707,2.01782043387675
50,140,0,0.164211202032099,23.5181553579119,1.82476354999911
50,140,0.5,0.161005749061382,19.8971354141786,1.62860827225739
50,140,1,0.167791191897309,16.3383673303755,1.66545275915562
50,140,1.5,0.173812465163754,13.4452788165891,1.7130961025495
50,140,2,0.17930014942623,11.0694766450252,1.76783303406322
50,140,2.5,0.184773065106442,9.13422044751633,1.82202365754601
50,140,3,0.190195960883572,7.68247622776084,1.87339635088357
50,140,3.5,0.195749110776368,6.64512175505454,1.92046246824564
50,140,4,0.201521685283964,5.92827551635815,1.96441191756476
50,140,4.5,0.2074724911224,5.43672108830238,2.00510157686419
50,140,5,0.214523852517148,5.08350439768688,2.04326497411431
50,160,0,0.161537358968176,26.7044150665204,1.86044399097278
50,160,0.5,0.156453050244915,23.3253901794558,1.80765111105619
50,160,1,0.162514630805995,19.5771411266837,1.66492309294063
50,160,1.5,0.167708458645053,16.4189885710105,1.70987501390298
50,160,2,0.172689312462146,13.9142199035161,1.76061637329474
50,160,2.5,0.177605586833123,11.8162103651777,1.810753719308
50,160,3,0.182412288127388,10.1819424911566,1.85777495777107
50,160,3.5,0.187291036019484,8.91677729635658,1.90168775925081
50,160,4,0.192375375662226,7.9817571771283,1.94170327108794
50,160,4.5,0.19765573661858,7.33592440425452,1.97966798992256
50,160,5,0.203200659242514,6.83269708822953,2.01538648343162
50,180,0,0.158852584701327,29.6483678336955,1.88695329224198
50,180,0.5,0.152578474098083,26.5999593657059,1.88296940777212
50,180,1,0.15843001657025,22.6715307247489,1.65540972222772
50,180,1.5,0.16325725762551,19.2973499733371,1.69500536327963
50,180,2,0.167404022047273,16.5928170551511,1.73881442923197
50,180,2.5,0.1713334134955,14.3538363722818,1.78344904150222
50,180,3,0.175454257520508,12.4873230967405,1.82659923128274
50,180,3.5,0.179767550695801,11.0972538023251,1.86719071215267
50,180,4,0.184271124127176,9.99657758861112,1.90500401662358
50,180,4.5,0.188993305472205,9.12801483049968,1.94024094810613
50,180,5,0.193950197374504,8.51414493380782,1.97413635031475
50,200,0,0.156370108637349,32.2360488033226,2.12198370120817
50,200,0.5,0.148989152684349,29.7228400175523,1.91566000082756
50,200,1,0.154650245756705,25.6234084647769,1.92069744447415
50,200,1.5,0.159279802644315,22.0984124941515,1.67611719130101
50,200,2,0.163207205286719,19.1081384545136,1.71436201064477
50,200,2.5,0.166899392853175,16.7272397041484,1.75435264534166
50,200,3,0.170266905869818,14.7687131444044,1.79371346845145
50,200,3.5,0.173493314090136,13.1616865112421,1.8308727434335
50,200,4,0.177020429736366,11.8897160498333,1.86614558549367
50,200,4.5,0.18127721202187,10.9149343330203,1.89916726907711
50,200,5,0.185738338400312,10.1008206609168,1.93140886894448
60,0,0,0.150563032706666,15.4980260027485,1.65576849893107
60,0,0.5,0.145710541239124,12.4768440515478,1.48210855783213
60,0,1,0.148226042823916,10.039907752909,1.47829456431847
60,0,1.5,0.149714440828242,7.91369402450515,1.47144037776682
60,0,2,0.150531638037567,6.08443710042117,1.46155310443709
60,0,2.5,0.150579180333104,4.52217663367729,1.44361971029908
60,0,3,0.150048981429638,3.19107889337706,1.41577934281672
60,0,3.5,0.149016581799286,2.12066787349516,1.35808243679645
60,0,4,0.147613081218883,1.27561008053125,1.22321619198778
60,0,4.5,0.145824507420018,0.57926927845624,1.2299250927357
60,0,5,0.143715468447033,0.13575533426069,1.24325910421449
60,20,0,0.172071698682711,6.78395571277723,3.61960045780614
60,20,0.5,0.165368059051489,3.76073737996967,3.62422394992286
60,20,1,0.171927626161329,1.30800016184369,3.629027160537
60,20,1.5,0.178126221338923,0,3.6337051062263
60,20,2,0.184440609601812,0,3.63868393197745
60,20,2.5,0.191013523007823,0,3.6425193452739
60,20,3,0.198064266143233,0,3.64683547918438
60,20,3.5,0.205795949096925,0,3.65229264435118
60,20,4,0.216793531774295,0,3.65863271732383
60,20,4.5,0.23225052554314,0,3.66263686601604
60,20,5,0.248612559791952,0,3.66530544449591
60,40,0,0.173031808088075,7.26110585421396,3.11310015206359
60,40,0.5,0.167160549523823,4.19964383816223,3.11781488829902
60,40,1,0.174589150521758,1.61670840100414,3.12254834536589
60,40,1.5,0.181708883691903,0,3.12707856790505
60,40,2,0.189023905494504,0,3.13258713365762
60,40,2.5,0.19679032298364,0,3.135011472194
60,40,3,0.205154805994288,0,3.14238493157439
60,40,3.5,0.21813232270553,0,3.14642035968242
60,40,4,0.233790846705582,0,3.15023073216375
60,40,4.5,0.252146156515084,0,3.15652071848858
60,40,5,0.279172336005113,0,3.16175713964653
60,60,0,0.168456776337201,9.95722394998089,2.42364227943774
60,60,0.5,0.162177694042245,6.79919708684555,2.42196174687624
60,60,1,0.169169672161035,4.04923064343488,2.41990532854052
60,60,1.5,0.175842009950464,1.72117077735905,2.41803420553155
60,60,2,0.182592204612754,0.000134275151419949,2.41801253611641
60,60,2.5,0.189694132713419,0,2.41638116140278
60,60,3,0.197260414432907,0.000774455696972431,2.41892628858562
60,60,3.5,0.205478581141441,0.00216212295618412,2.41887261504077
60,60,4,0.216758974931631,0.000198554070163226,2.4188432759251
60,60,4.5,0.231326108499052,0.0037758361572271,2.41905460798811
60,60,5,0.246624534916718,0.000276712015634395,2.41857047553499
60,80,0,0.162604846277971,13.1366113500245,1.84437191119556
60,80,0.5,0.157807662859116,9.88417567608253,1.85137555037956
60,80,1,0.16370082451179,6.9611613566454,1.85766599586529
60,80,1.5,0.168574714655375,4.47590079778544,1.85344965884819
60,80,2,0.174449052239102,2.34789971956579,1.83973064475063
60,80,2.5,0.18063773958422,0.531341965189336,1.81173803317976
60,80,3,0.187145970008378,0.00210204735431319,1.77175309019462
60,80,3.5,0.194150492472121,0.00522317224240787,1.73322444565576
60,80,4,0.201784382445985,0.002524287093153,1.71852352093443
60,80,4.5,0.210082775213325,0.00559810297116048,1.72361579897692
60,80,5,0.221706565039495,0.00419365923536308,1.73714167798857
60,100,0,0.156517797179428,16.3182756957499,1.78651432142824
60,100,0.5,0.15363401773297,13.0041942580112,1.76312999931494
60,100,1,0.159236441440097,9.90950511614874,1.70949071943634
60,100,1.5,0.163840284084696,7.26940628404535,1.48417365605165
60,100,2,0.168150718666421,5.00246543851184,1.47098467096774
60,100,2.5,0.172316647008665,3.06086087466322,1.44219200240942
60,100,3,0.177704106673624,1.60430363280482,1.26099953488178
60,100,3.5,0.183661335516126,0.480746052383862,1.28696539906665
60,100,4,0.190123835829412,0.00704352922364926,1.32053019064927
60,100,4.5,0.197128353135963,0.0099327545278749,1.3645926131288
60,100,5,0.204718338291114,0.0115885477310451,1.41192285812666
60,120,0,0.151757982895485,19.3646177839007,1.76227983431773
60,120,0.5,0.149740008603065,16.0478146045636,1.71766660292384
60,120,1,0.155077156227504,12.7854047482865,1.52586865866168
60,120,1.5,0.159436258671631,9.99498616237375,1.53512620877489
60,120,2,0.163466208458472,7.59294232370069,1.54396328164728
60,120,2.5,0.167311327139195,5.52966330945084,1.5512780789517
60,120,3,0.170997293580777,3.98793772375279,1.55338237254345
60,120,3.5,0.174682450432913,2.76168600152178,1.54332576326252
60,120,4,0.179948462813163,1.94244623427338,1.27682764083541
60,120,4.5,0.185922503282354,1.54796593468411,1.30021304048739
60,120,5,0.19258433433275,1.39545444210476,1.32869196090573
60,140,0,0.149708106537182,22.2257844602006,1.75834777054331
60,140,0.5,0.146130434262839,18.9920260173259,1.70235849308098
60,140,1,0.151228276112058,15.5669068286397,1.55263957411518
60,140,1.5,0.155368154929858,12.6316597867556,1.57348290560354
60,140,2,0.159149830173059,10.099272238719,1.60131752607618
60,140,2.5,0.162712777375242,7.91857175977486,1.63284238997532
60,140,3,0.16608090586546,6.26238167386632,1.66963295226626
60,140,3.5,0.169406828092241,4.909815579676,1.70807493453427
60,140,4,0.172824885575789,3.9651137432495,1.74641876294815
60,140,4.5,0.176409597606235,3.36404656788585,1.78373231113828
60,140,5,0.182094923083759,3.0075049325635,1.818561534228
60,160,0,0.147638487227302,24.954217140517,1.76712727271701
60,160,0.5,0.142778823036475,21.8338301593168,1.72195588636421
60,160,1,0.147659820418824,18.2513618841923,1.56588162722619
60,160,1.5,0.151602395155075,15.1771091154935,1.59636135572345
60,160,2,0.155163085580373,12.5194644471182,1.63252572362296
60,160,2.5,0.15847629800867,10.2259251567234,1.67559728863518
60,160,3,0.161561114717135,8.42834774666585,1.72256757679051
60,160,3.5,0.164578234562264,6.97076519564443,1.76752045031349
60,160,4,0.167646784566717,5.88662086476499,1.80865019633885
60,160,4.5,0.170840977663072,5.11753866251083,1.84705404155499
60,160,5,0.174103766841835,4.60365730462515,1.88269653298586
60,180,0,0.145682835909785,27.4850027134585,1.78088832992235
60,180,0.5,0.139657398149284,24.573847359631,1.75444493042032
60,180,1,0.144340741898648,20.8394378487207,1.57197092131286
60,180,1.5,0.148104712991903,17.6320413007804,1.60297097824033
60,180,2,0.151467519780015,14.8542684713875,1.64151097880595
60,180,2.5,0.15455827708898,12.4525138098611,1.68457569020389
60,180,3,0.157395505394413,10.4847341284056,1.731142573889
60,180,3.5,0.160139170218021,8.95906264626922,1.77467996597308
60,180,4,0.162899818221642,7.72700401260062,1.81414888232602
60,180,4.5,0.165753571731089,6.80661245373615,1.85088035197623
60,180,5,0.168720545627932,6.13239459979549,1.88481577582669
60,200,0,0.143842045122422,29.7943310965224,1.98174557425918
60,200,0.5,0.136741705057473,27.2131147738101,1.78251809289796
60,200,1,0.141243923220019,23.3321270549443,1.70821774445312
60,200,1.5,0.144845411173707,19.9973991475622,1.601074506183
60,200,2,0.148030112688306,17.1045827828742,1.63757460126308
60,200,2.5,0.150921637820983,14.5991922419245,1.67815074802662
60,200,3,0.153538334575711,12.4343496390395,1.7212426544989
60,200,3.5,0.156036442157572,10.8476683974028,1.76164513540301
60,200,4,0.158528588319047,9.44827908301704,1.79874913524583
60,200,4.5,0.161084002431806,8.44916498408572,1.83311423076772
60,200,5,0.163786336628784,7.66275849910349,1.86577611360842
70,0,0,0.134464607455342,17.7803231016465,1.64824789984205
70,0,0.5,0.129856163672466,15.2382480713199,1.61245696911825
70,0,1,0.131101631607528,12.5170462064955,1.44318749555365
70,0,1.5,0.131943891150759,10.182596006219,1.43904146177752
70,0,2,0.132010444440493,8.17207805361586,1.43253573319469
70,0,2.5,0.131330144563056,6.48549379103152,1.4242238161135
70,0,3,0.130364693804198,5.04301229900852,1.41021638515954
70,0,3.5,0.129615719479601,3.78420136655084,1.39105692513961
70,0,4,0.128734285342704,2.70738001388704,1.35942706335467
70,0,4.5,0.127617197508963,1.83157107723741,1.19177781698096
70,0,5,0.126231447082755,1.1012534855104,1.19529659130286
70,20,0,0.149933658132988,10.3814452251369,3.45737155920406
70,20,0.5,0.145600481545068,7.92582546425284,3.4616445762172
70,20,1,0.14960268820131,5.2960478442506,3.4660636189881
70,20,1.5,0.152966357699181,3.02930903497864,3.47043911392104
70,20,2,0.15617830923561,1.0725665311166,3.47558805967294
70,20,2.5,0.159054858846169,0,3.47724129636792
70,20,3,0.161813340237289,0,3.48218759526644
70,20,3.5,0.164587995367986,0,3.48519076738507
70,20,4,0.167495183296686,0,3.4930493946657
70,20,4.5,0.170738852237632,0,3.49818853061483
70,20,5,0.174206467923283,0,3.50187599967455
70,40,0,0.151768500204612,10.1482975300644,3.11297317560039
70,40,0.5,0.147692434241418,7.62742749342085,3.11724499479002
70,40,1,0.152337815441151,4.91493521794262,3.12214387554855
70,40,1.5,0.15632153101677,2.56629276325038,3.12714000612345
70,40,2,0.160271309587111,0.53314730949765,3.13287569396386
70,40,2.5,0.163998649661944,0,3.13726805215968
70,40,3,0.167707980974726,0,3.14292861201155
70,40,3.5,0.171548266808041,0,3.14717752625172
70,40,4,0.175653272057152,0,3.15059830406695
70,40,4.5,0.183954186823894,0,3.15723719254796
70,40,5,0.193891597043717,0,3.16282369993487
70,60,0,0.148803505694575,11.9845576809619,2.51615099358188
70,60,0.5,0.145584807194836,9.38353363257201,2.52395336133676
70,60,1,0.150197619182278,6.5466118880888,2.52948654125223
70,60,1.5,0.154175182612258,4.08155653362117,2.53324991897655
70,60,2,0.158100881448984,1.94294738097947,2.53633174281296
70,60,2.5,0.161810234091166,0.097726310324231,2.54003377947642
70,60,3,0.165488389673162,0,2.54095354943264
70,60,3.5,0.169282776071825,2.71154412256891e-06,2.54346923785407
70,60,4,0.173324086955333,0,2.54707163236604
70,60,4.5,0.178888349022594,0.00310770004969818,2.55097468819818
70,60,5,0.188126834715472,0,2.55395992479814
70,80,0,0.144361196345926,14.39794884683,1.80970031707812
70,80,0.5,0.142403833020522,11.7422279489551,1.83331920472212
70,80,1,0.146803254941549,8.76925333675771,1.88474224302733
70,80,1.5,0.150592060293779,6.17958550904218,1.93199342693036
70,80,2,0.154303085381518,3.92837113655289,1.95698805654688
70,80,2.5,0.157764559830608,1.98174337369721,1.96752526165319
70,80,3,0.161155397234396,0.299875565750973,1.97286676454677
70,80,3.5,0.164618094086355,0.00412593263607874,1.97344805444489
70,80,4,0.16827657205395,0.000903555515052723,1.97160299336397
70,80,4.5,0.172280475857395,0.00586472745338629,1.96973265595206
70,80,5,0.176697708793306,0.00309795371145061,1.96670469105752
70,100,0,0.141369284107512,16.9055609256528,1.75161608612186
70,100,0.5,0.139106040382522,14.2414566710226,1.74502626685707
70,100,1,0.143262792513041,11.1301568991908,1.74000180447478
70,100,1.5,0.146834833781423,8.41366399469869,1.72512349804953
70,100,2,0.150304852070158,6.04836280261942,1.69260162878317
70,100,2.5,0.153487059723022,3.9991110578635,1.38901541403783
70,100,3,0.156558913119971,2.22450916323906,1.34179106716395
70,100,3.5,0.159658272416384,0.723930727995703,1.23630886613317
70,100,4,0.162902681455349,0.00575950212595711,1.2587369670091
70,100,4.5,0.166434295273782,0.00669975327012295,1.29813605336422
70,100,5,0.170323760123058,0.0045700100952617,1.37354681314368
70,120,0,0.139737793181581,19.370933129926,1.72577323363982
70,120,0.5,0.135949289227306,16.7387322047142,1.70933825462101
70,120,1,0.139875963237463,13.4892193971048,1.68324684458204
70,120,1.5,0.143242627616059,10.646537321423,1.45647415720665
70,120,2,0.146487784427166,8.16764874329636,1.45347019149622
70,120,2.5,0.149410406887297,6.01616164940659,1.44536052450855
70,120,3,0.152188386284741,4.14914836171192,1.4298209060011
70,120,3.5,0.154955897805747,2.62230525440408,1.39585962102791
70,120,4,0.157825625511634,1.44222917544905,1.23339458646114
70,120,4.5,0.160933951510442,0.54048131361788,1.2542422164604
70,120,5,0.164344637082399,0.0878650000449621,1.28027145471039
70,140,0,0.138107081207396,21.7623397941597,1.7126117288419
70,140,0.5,0.132983922282038,19.1937222373709,1.69199906303822
70,140,1,0.136700395422563,15.807296129724,1.64225261687287
70,140,1.5,0.139880249974739,12.8401046886824,1.48233954176748
70,140,2,0.142923415951419,10.2490622697344,1.48988619419884
70,140,2.5,0.145613954115296,7.99656086746843,1.49643260896326
70,140,3,0.148131065109527,6.03820586701795,1.50074200127195
70,140,3.5,0.150606065650191,4.46239909612931,1.50102270970483
70,140,4,0.153147880027386,3.2162114524779,1.49208369803468
70,140,4.5,0.155888643088495,2.24544030530462,1.45794453568262
70,140,5,0.158886605465373,1.63212517155182,1.24990513584573
70,160,0,0.136552561459937,24.0280872834344,1.70911611935458
70,160,0.5,0.13020534142865,21.596520522013,1.68767808341816
70,160,1,0.13373047872686,18.0749978901709,1.49007394042386
70,160,1.5,0.136741120936515,14.9854456179396,1.5023103426918
70,160,2,0.139603408429507,12.2841310890025,1.51833939993195
70,160,2.5,0.142087023400234,9.93226315186291,1.53870047738277
70,160,3,0.144372976104213,7.8840469891434,1.55921600627714
70,160,3.5,0.146590334645161,6.23728183563357,1.58491269754922
70,160,4,0.148845279857809,4.92785190231979,1.61090398934848
70,160,4.5,0.151266113381538,3.86847819746909,1.63707376544428
70,160,5,0.153907277116277,3.14942941415826,1.66308315943276
70,180,0,0.135071466910888,26.1546615797269,1.71208480214835
70,180,0.5,0.127597743877885,23.9451734039454,1.69311592392229
70,180,1,0.130947794418826,20.2907446865499,1.49885769021762
70,180,1.5,0.133804572118345,17.0811616137368,1.51712490679338
70,180,2,0.136504203465785,14.2716351112547,1.53889944253377
70,180,2.5,0.138802363507058,11.8222581145286,1.5673810537292
70,180,3,0.140882479451445,9.68579611352041,1.60036028237166
70,180,3.5,0.142871562359442,7.94655000280347,1.63777274628391
70,180,4,0.144873521791374,6.57700075179681,1.67534628360397
70,180,4.5,0.147014215859502,5.41000153867826,1.71135491965359
70,180,5,0.149344699970173,4.59032683739606,1.74520076281843
70,200,0,0.133658866655992,28.1298144334166,1.9320185362236
70,200,0.5,0.125144106472852,26.2400993755727,1.70373426864774
70,200,1,0.128333575630511,22.4546725252066,1.65687987317206
70,200,1.5,0.131049783975281,19.1274367777792,1.52449717626681
70,200,2,0.133602445650365,16.2118082448474,1.54933407196034
70,200,2.5,0.135733673349789,13.6667580249348,1.58181022661156
70,200,3,0.137629329026323,11.4437801596537,1.6190440074803
70,200,3.5,0.139414966787234,9.59087667719485,1.65939057089858
70,200,4,0.141192596604176,8.16429451943104,1.69914617646709
70,200,4.5,0.143086214387278,6.91440661109106,1.73532357581179
70,200,5,0.145143896001577,6.01894266836782,1.76796785463628
80,0,0,0.124984914501009,19.5921002189468,1.6203778369434
80,0,0.5,0.118079810796329,17.6423242370993,1.6008813006837
80,0,1,0.119398205479597,14.9777754051263,1.55372703703911
80,0,1.5,0.120352073890186,12.5979747847004,1.41054759974033
80,0,2,0.120597038118028,10.4892018795817,1.40567317395402
80,0,2.5,0.1203801778203,8.63196510225237,1.40126173638731
80,0,3,0.119806878399746,7.00227322363558,1.39412011161151
80,0,3.5,0.118943593393912,5.58040107543456,1.38262282344044
80,0,4,0.117971210281549,4.35074861386071,1.36781856769003
80,0,4.5,0.116707877970915,3.29189923861439,1.34494024657856
80,0,5,0.115169425395808,2.38480269453538,1.30894445065574
80,20,0,0.13203365895242,13.2449058827651,3.27358037364224
80,20,0.5,0.128277030358461,11.272796231637,3.27737175820722
80,20,1,0.130598259989569,8.68927511728796,3.28143501168772
80,20,1.5,0.132816468232794,6.37713661612187,3.28551753603225
80,20,2,0.134769494361159,4.32533717082375,3.28840277844288
80,20,2.5,0.136324754578055,2.51687139311318,3.29307607461901
80,20,3,0.137674745276646,0.927688587630682,3.29599875278967
80,20,3.5,0.138946040399726,0,3.30129300109419
80,20,4,0.140250232893993,0,3.30533827764157
80,20,4.5,0.141731565805982,0,3.3097241326501
80,20,5,0.14331864755293,0,3.31424466489044
80,40,0,0.134052371784914,12.5724686106752,3.07265436189934
80,40,0.5,0.131093760689394,10.5097110911186,3.07694158649389
80,40,1,0.134118629955661,7.87206469691442,3.08171480393655
80,40,1.5,0.137011084210084,5.5065398383664,3.08646585352623
80,40,2,0.139779578385398,3.40375194777383,3.09018699303316
80,40,2.5,0.142260015528744,1.54783879393678,3.09649749146439
80,40,3,0.14465627866085,0,3.10001459369574
80,40,3.5,0.147110452628892,0,3.10528432477961
80,40,4,0.14972024154547,0,3.11041029467451
80,40,4.5,0.152710717406475,0,3.11551744917979
80,40,5,0.156020317650338,0,3.12093673499709
80,60,0,0.133428341938138,13.7801085123865,2.58897917115274
80,60,0.5,0.129973685151033,11.6364813300706,2.58892084670366
80,60,1,0.133069138552131,8.90621742734323,2.59101183608101
80,60,1.5,0.136029144507964,6.45344176623559,2.59431052802253
80,60,2,0.138905177411497,4.26999944057374,2.59821133674682
80,60,2.5,0.141501476306059,2.34085406089155,2.60203669384623
80,60,3,0.144023282995953,0.639715491310899,2.60557027523482
80,60,3.5,0.146613389873931,0,2.60955553646392
80,60,4,0.149370509374461,0,2.61238885300447
80,60,4.5,0.152505263850022,0,2.61587432501553
80,60,5,0.155984594556948,0,2.61993026716401
80,80,0,0.132425026123577,15.6250513236933,2.16245289685341
80,80,0.5,0.127611368167293,13.4169853173383,2.143188695991
80,80,1,0.130571947337285,10.5818648460239,2.12380394380083
80,80,1.5,0.13340412608249,8.03132030063383,2.10949934270302
80,80,2,0.136157754619571,5.75816800330515,2.1037768060178
80,80,2.5,0.138609600069183,3.74803220552427,2.10039848101712
80,80,3,0.140965200807095,1.97279670914883,2.10138557660599
80,80,3.5,0.143359004365973,0.412093769906274,2.10333309913605
80,80,4,0.145891431101796,0,2.10497684245226
80,80,4.5,0.148763051937367,0.00210589229070468,2.10682973242023
80,80,5,0.151936940132934,0,2.10821029880018
80,100,0,0.131177794124532,17.6623550552411,1.71549907967711
80,100,0.5,0.124962785997208,15.405707471576,1.71427660359811
80,100,1,0.127736563752751,12.4616501976958,1.72235176304061
80,100,1.5,0.130393222982971,9.80995298959664,1.72943881846129
80,100,2,0.132967050047025,7.44419025898586,1.73243735062144
80,100,2.5,0.135211453133657,5.35053264826382,1.72948059484807
80,100,3,0.137330331144143,3.49944768786834,1.72104693957428
80,100,3.5,0.139454648677941,1.86966823774823,1.70483648425658
80,100,4,0.141680654142182,0.441100141058604,1.68159459301704
80,100,4.5,0.144202248588386,0.0067338391323668,1.65478809237745
80,100,5,0.146977025981516,0.00709768620406059,1.63337475802224
80,120,0,0.129904356876675,19.6978970894906,1.69098329090383
80,120,0.5,0.12243336605139,17.443127118318,1.68149131964347
80,120,1,0.125136283777646,14.3889459701412,1.67478544793815
80,120,1.5,0.127408782323933,11.6352312976256,1.66097680590464
80,120,2,0.129801465861144,9.17611794964788,1.63141846133475
80,120,2.5,0.131838967971587,6.99821301912809,1.39402719525306
80,120,3,0.133723901026378,5.0706026392745,1.37967082817289
80,120,3.5,0.135584463143853,3.37110041046471,1.35618787249099
80,120,4,0.137512960349482,1.93610593917173,1.2006084842247
80,120,4.5,0.139699192523781,0.785215792726102,1.2140278217892
80,120,5,0.142104745377732,0.00442901110246918,1.22901835634131
80,140,0,0.128658389654746,21.6694044729674,1.67496944144499
80,140,0.5,0.120738261056749,19.4747119327229,1.6639731709173
80,140,1,0.123381184585016,16.3104229673074,1.64894987782633
80,140,1.5,0.125536116675546,13.4548958700721,1.61616892385212
80,140,2,0.127373709658074,10.9026372418555,1.42613631989628
80,140,2.5,0.128853166075363,8.64058325941675,1.42423903023581
80,140,3,0.130313429053401,6.63601572634767,1.41928378989662
80,140,3.5,0.131933901274912,4.86731342276383,1.40897575459519
80,140,4,0.133595677933414,3.43565342385945,1.38979425382228
80,140,4.5,0.135489840529892,2.22770211968868,1.3423603019277
80,140,5,0.137553274751169,1.18552938872187,1.2138744296376
80,160,0,0.127454466374084,23.5518917647583,1.66603145899599
80,160,0.5,0.119109168075793,21.4831315966992,1.65532919526457
80,160,1,0.121694757825464,18.2093065058057,1.63390467810721
80,160,1.5,0.123805357705964,15.2526819453766,1.44191153318858
80,160,2,0.12559624682013,12.607954889095,1.4473872158154
80,160,2.5,0.127020563216381,10.2622838606824,1.45218216736731
80,160,3,0.128213948885335,8.18165718706492,1.45664932262163
80,160,3.5,0.129264075661955,6.36036415518497,1.45931288772179
80,160,4,0.130240760478093,4.90054988374844,1.45827410560662
80,160,4.5,0.131589257092048,3.63837604069783,1.45052480053489
80,160,5,0.133360441568556,2.54631440270054,1.42800049380087
80,180,0,0.126294473872507,25.4525333034568,1.66332756417597
80,180,0.5,0.117547062113478,23.4634519022849,1.65294295278876
80,180,1,0.120078176956751,20.0809197084032,1.62820021648706
80,180,1.5,0.122146965404597,17.0241534819556,1.45488309471706
80,180,2,0.123893780079196,14.287865547325,1.46453164012946
80,180,2.5,0.125266445703895,11.8593296349622,1.47493152360871
80,180,3,0.126400231429978,9.70329594963353,1.4896821499675
80,180,3.5,0.127382047586178,7.84782565139546,1.50506209983412
80,180,4,0.128280926194118,6.32880326901213,1.52071893002671
80,180,4.5,0.129257087102481,5.01294777509635,1.53708016278454
80,180,5,0.13023475722367,3.87205789667171,1.55367368589952
80,200,0,0.12517638164065,27.7978393151537,1.87515317482025
80,200,0.5,0.116048971563799,25.4145384348829,1.65487022530582
80,200,1,0.118528285730278,21.9242386684291,1.63061911878611
80,200,1.5,0.12055759402888,18.7683893396028,1.46342600547542
80,200,2,0.122262771041473,15.9415487223705,1.47568369911188
80,200,2.5,0.123586984101476,13.430997461729,1.49480035928967
80,200,3,0.12466511421786,11.2003034196871,1.51427133199179
80,200,3.5,0.125583361463775,9.29648178361282,1.54093597628532
80,200,4,0.126410055401547,7.71954698909296,1.56812724586007
80,200,4.5,0.127305372033355,6.35111053361817,1.59859843642825
80,200,5,0.128190031533344,5.16265052765843,1.62788087132099
90,0,0,0.117242080993951,20.9844623093898,1.59233111335711
90,0,0.5,0.109724031485747,19.6109887094462,1.57901728014545
90,0,1,0.110790001011898,16.8032964007391,1.55528630405707
90,0,1.5,0.111405085516443,14.5089475547669,1.38518193859118
90,0,2,0.111408160242312,12.4214876802039,1.3828133713082
90,0,2.5,0.110979477067649,10.5549433036816,1.37908359958403
90,0,3,0.110203055336803,8.88383515115729,1.37456222242291
90,0,3.5,0.109185423192421,7.38955475789274,1.36863538527844
90,0,4,0.107985703984913,6.06124179544492,1.35964791281172
90,0,4.5,0.10647868873333,4.88158634956191,1.34592271630921
90,0,5,0.104680335122437,3.83562019147445,1.3294191267595
90,20,0,0.122843766618953,15.4843668373268,3.07109203198024
90,20,0.5,0.116650619919827,14.2101816903099,3.07462843645423
90,20,1,0.11843549227424,11.3921849114183,3.07834711599477
90,20,1.5,0.120063540032401,9.07139315522905,3.08205300867895
90,20,2,0.121069294010573,7.02907751862909,3.08561744253472
90,20,2.5,0.121744640063714,5.20247200029251,3.09003292246086
90,20,3,0.122186781182511,3.56624001682702,3.09166606672255
90,20,3.5,0.122465614537103,2.10223140617556,3.09664001866735
90,20,4,0.122719596546786,0.798939258574594,3.10041322254512
90,20,4.5,0.122917185704097,0,3.10438417799951
90,20,5,0.123032668994227,0,3.11072801499668
90,40,0,0.124413425578815,14.5825605702537,3.00419603901885
90,40,0.5,0.118414039060767,13.326725927612,3.00836377937075
90,40,1,0.120511558937999,10.4710591366806,3.01242572886371
90,40,1.5,0.122463728700901,7.96404565882067,3.01645844730647
90,40,2,0.123852162686774,5.88156062984073,3.0228313174428
90,40,2.5,0.124945022076132,4.01792417067082,3.02444082760601
90,40,3,0.125845114590505,2.34696373579262,3.03150688691488
90,40,3.5,0.126629225426847,0.850073418301922,3.03678999508309
90,40,4,0.127399838469652,0,3.0406449363438
90,40,4.5,0.128231066864253,0,3.04509527794143
90,40,5,0.129055224363127,0,3.05183224397689
90,60,0,0.124349697409423,15.372790709591,2.60560076998114
90,60,0.5,0.118096891052307,14.1397776697097,2.60782160185789
90,60,1,0.12028607555598,11.2081751116433,2.61092495950371
90,60,1.5,0.122320419858465,8.60431151605343,2.61450836723887
90,60,2,0.123826347542796,6.34815206996138,2.61754689138743
90,60,2.5,0.125043284117707,4.42361114606489,2.62238263919212
90,60,3,0.126076257669015,2.69670279579806,2.62708239964413
90,60,3.5,0.127004326542538,1.14802436806549,2.63173395036071
90,60,4,0.127914613546021,0,2.63521741661371
90,60,4.5,0.128921839228144,0,2.63935132599009
90,60,5,0.129931934016198,0,2.64403797375324
90,80,0,0.123654699610912,16.7938618685432,2.16865595000008
90,80,0.5,0.116994350027984,15.6069876423605,2.16908138049989
90,80,1,0.119178827950872,12.5858438840484,2.17511121437419
90,80,1.5,0.121208803486526,9.89972728911312,2.17773737233017
90,80,2,0.122726325265332,7.53010728141956,2.18040078554291
90,80,2.5,0.123950227088717,5.45254843424303,2.18108943434876
90,80,3,0.124986896327496,3.66263544317218,2.18216422672315
90,80,3.5,0.125915364006408,2.05612768350263,2.18448018771375
90,80,4,0.126817017774126,0.619868031513127,2.1865577011494
90,80,4.5,0.127819518947169,0,2.1895432893944
90,80,5,0.128820757326948,0,2.19255789094314
90,100,0,0.122737205775078,18.4233353041104,1.68018905829953
90,100,0.5,0.115631482507545,17.3136460320652,1.678659651455
90,100,1,0.117776561844828,14.1980182617773,1.69330992286059
90,100,1.5,0.119771511293098,11.4254438815587,1.7129929518794
90,100,2,0.121261838935183,8.97618098005022,1.73606575052529
90,100,2.5,0.122450858342421,6.80926139076619,1.75744642015154
90,100,3,0.123445219149156,4.89923185343162,1.77294832512662
90,100,3.5,0.124323460414244,3.22309321834682,1.78387744597873
90,100,4,0.125164749326225,1.76192485227129,1.78831430864311
90,100,4.5,0.126099758906731,0.490651605842052,1.78967189823725
90,100,5,0.127022135178366,0.00039388305690391,1.78892590368805
90,120,0,0.121758240875206,20.3856006003215,1.65842154832599
90,120,0.5,0.114212028172085,19.0937444700173,1.65057990890035
90,120,1,0.116307353673162,15.8819913922205,1.65222710206503
90,120,1.5,0.118258605021722,13.0216090863043,1.65062226891359
90,120,2,0.119709934237895,10.4916911714846,1.64554510723588
90,120,2.5,0.120851716910239,8.25182294277116,1.63386835789259
90,120,3,0.121790681242226,6.27552532780591,1.61096276110829
90,120,3.5,0.122604715397616,4.53907201241461,1.56213182210683
90,120,4,0.123372392472691,3.02288314559085,1.3096520309774
90,120,4.5,0.124223239912461,1.70129494989553,1.1850113798849
90,120,5,0.125048949794789,0.552448276745743,1.19128825451833
90,140,0,0.120778012631762,22.4089196396528,1.64257482151497
90,140,0.5,0.112810395904287,20.8825462097552,1.63467163177301
90,140,1,0.114854500646685,17.5744115641237,1.62986034228987
90,140,1.5,0.116761304539307,14.6260769248112,1.61879756514123
90,140,2,0.118171613255686,12.0155292026193,1.59758766224451
90,140,2.5,0.119264560498897,9.70266209564921,1.51940731385949
90,140,3,0.12014689375422,7.66001707727475,1.37532461863987
90,140,3.5,0.120895857768119,5.86316520902543,1.36593861512374
90,140,4,0.12159001307296,4.29188616637284,1.34989732076791
90,140,4.5,0.122358498481995,2.91920298738637,1.3225943271624
90,140,5,0.123086221119646,1.72491800152172,1.18521364244112
90,160,0,0.119817157325542,24.4380117368886,1.63232000661811
90,160,0.5,0.111451063680778,22.6559259493701,1.62536487035568
90,160,1,0.113445372333034,19.2517897495861,1.6161752374771
90,160,1.5,0.115309469398868,16.2159244495653,1.59699395977934
90,160,2,0.116679890203066,13.5252747767102,1.55289797629274
90,160,2.5,0.117725811644906,11.1397989272274,1.40018670330548
90,160,3,0.118554727477069,9.03069123572111,1.3990904981759
90,160,3.5,0.119240973159121,7.17414574781596,1.39558728088983
90,160,4,0.119865674578675,5.54801383824304,1.38791526514732
90,160,4.5,0.120554521196923,4.12523856920832,1.37433463087713
90,160,5,0.1211921513847,2.8849627873351,1.34834592880916
90,180,0,0.118881360415563,26.4611885127077,1.73153925484526
90,180,0.5,0.110140189827816,24.4054562438663,1.62062762875257
90,180,1,0.112086868071283,20.9060052223767,1.6084489522292
90,180,1.5,0.113910572487046,17.7833105793542,1.58307416063797
90,180,2,0.115243033322513,15.0133441472353,1.41337524505206
90,180,2.5,0.116244514817645,12.5559007571631,1.41672117786631
90,180,3,0.117022499998344,10.3812793645577,1.42073924913754
90,180,3.5,0.117650748907152,8.46509360825705,1.42389604866888
90,180,4,0.118210764428829,6.78453749979508,1.42534578779286
90,180,4.5,0.118824044189414,5.31272716242954,1.42344338521254
90,180,5,0.11937980884595,4.02620422116,1.41670642552824
90,200,0,0.117970848716333,28.4722856588725,1.80744855737898
90,200,0.5,0.108877662623719,26.128476485761,1.61900609651728
90,200,1,0.110778926069183,22.5345443315108,1.60557030805996
90,200,1.5,0.112564533026005,19.3258576532412,1.57628769628999
90,200,2,0.113861017714121,16.477488333527,1.42383102268661
90,200,2.5,0.114820653910539,13.9488342169155,1.43090051280398
90,200,3,0.115550895560553,11.7093527972019,1.4392741411679
90,200,3.5,0.116124919547309,9.73413794882101,1.44942069868577
90,200,4,0.116624829863101,7.99966662284439,1.46083098841806
90,200,4.5,0.117169572672875,6.47863724033488,1.47186229166889
90,200,5,0.117648037487341,5.14705803302564,1.4818805546644
100,0,0,0.110666952261863,22.7933087851144,1.56635316310186
100,0,0.5,0.102156476766908,21.7976597901678,1.55622070276686
100,0,1,0.10295680912447,19.033348950784,1.54074580532143
100,0,1.5,0.103147293248558,16.5302626376143,1.51586352659278
100,0,2,0.102877472962295,14.2891125794693,1.36290502290098
100,0,2.5,0.102191253992773,12.2806098553792,1.36077581798073
100,0,3,0.10115242288438,10.482330932105,1.35761302401453
100,0,3.5,0.0999188150383987,8.87368491143603,1.35283529824137
100,0,4,0.0984199952842477,7.44291015858882,1.34575268322268
100,0,4.5,0.0972954534013226,6.01762529957401,1.33782357429846
100,0,5,0.0962778206844117,4.95160624075677,1.32834348132097
100,20,0,0.115166228757163,18.0937981815958,2.85212210005377
100,20,0.5,0.108063786715429,17.0103234700417,2.85474665609703
100,20,1,0.109486669412119,14.3078628092883,2.85705054387296
100,20,1.5,0.110566970598479,11.8597041785143,2.86113125148597
100,20,2,0.111154467258368,9.66260953493498,2.8660944941598
100,20,2.5,0.111413499853681,7.69292750257864,2.86811462089952
100,20,3,0.111425551141278,5.92857014475685,2.87188137136477
100,20,3.5,0.11125322914706,4.34938002795018,2.87716655167563
100,20,4,0.111083872473194,2.94313365759962,2.88199167275917
100,20,4.5,0.110723898244067,1.5026418888008,2.8832739165153
100,20,5,0.110230764271324,0.429387866579978,2.88731769026073
100,40,0,0.116638411841988,17.1663300502251,2.91565004100712
100,40,0.5,0.109841858835619,15.9426153761431,2.91928564780511
100,40,1,0.111511310566095,13.2118379100906,2.92335528932038
100,40,1.5,0.112953891195968,10.736578245813,2.9274158465452
100,40,2,0.113898646737051,8.50996860165869,2.93052665806345
100,40,2.5,0.11454916911439,6.51280197005815,2.936482797651
100,40,3,0.114995201958062,4.72212801886291,2.93744611506772
100,40,3.5,0.115301581614707,3.11857545604655,2.94264873556816
100,40,4,0.115632368119009,1.68732708608454,2.94946288115614
100,40,4.5,0.115882160743266,0.257060960992517,2.95162062466276
100,40,5,0.116074523022691,0,2.95841089677578
100,60,0,0.1167638511485,17.7966780138641,2.5896767880803
100,60,0.5,0.109811052905837,16.4049547169683,2.59530414400995
100,60,1,0.111556506866842,13.6130750743686,2.60030917752069
100,60,1.5,0.113121057382198,11.0811254384747,2.60481806404495
100,60,2,0.114192959717028,8.79883659177014,2.60783504034931
100,60,2.5,0.114980762561132,6.75064574870712,2.61331207337208
100,60,3,0.115576741665446,4.9129622377968,2.61770645112215
100,60,3.5,0.116047893017186,3.2658910596697,2.62261335013326
100,60,4,0.116544350433794,1.79378730505952,2.62828387953742
100,60,4.5,0.117000478854991,0.354547450788023,2.62571963455489
100,60,5,0.117423430760639,0,2.63228244377347
100,80,0,0.116312305079896,19.0953749480009,2.15642337690257
100,80,0.5,0.109024825080606,17.5157755388119,2.17587514396206
100,80,1,0.110772915220659,14.6500417388179,2.19823863909816
100,80,1.5,0.112355187953816,12.0499843656023,2.21047232492088
100,80,2,0.113453518861368,9.70213397746089,2.21854441641731
100,80,2.5,0.114267517470399,7.59416671606901,2.22372707985914
100,80,3,0.114889855842824,5.70175843765863,2.22738929426135
100,80,3.5,0.115388014329408,4.00438608929239,2.23151131293002
100,80,4,0.115896946240873,2.4894467612987,2.23406730699077
100,80,4.5,0.116394221317119,1.02956230003846,2.2358709642454
100,80,5,0.116850980673446,0.00207033205954499,2.24061418126553
100,100,0,0.115627626031929,20.6793743966059,2.01458788495257
100,100,0.5,0.10794874339308,18.8956367382154,1.98666277846511
100,100,1,0.109670251261128,15.9509599106848,1.90533522804075
100,100,1.5,0.111227994567112,13.278267180504,1.68634752887757
100,100,2,0.112311537059162,10.8610744388915,1.73638204380705
100,100,2.5,0.113106610582623,8.68998010468744,1.81175854413263
100,100,3,0.113705461881548,6.73987240626037,1.84079985254151
100,100,3.5,0.114175200256001,4.98966994830041,1.85428299780522
100,100,4,0.114648979758226,3.42606357892905,1.86139887726772
100,100,4.5,0.115108399711104,1.94525881027199,1.86386145058277
100,100,5,0.115520996562219,0.728665317874477,1.86832498931696
100,120,0,0.114858996647407,22.3806477487947,1.62774247410482
100,120,0.5,0.106782106597535,20.3790560013063,1.62025352050281
100,120,1,0.108466934972475,17.3534718621748,1.6262549945569
100,120,1.5,0.109984911456526,14.6064011180087,1.63122910271944
100,120,2,0.111038526309372,12.1185355226719,1.63440788105981
100,120,2.5,0.111798431007823,9.88310287513714,1.6364271511228
100,120,3,0.112356056805125,7.87424054103878,1.63484086176121
100,120,3.5,0.112778107846019,6.07022036361002,1.62822622157053
100,120,4,0.113197417813061,4.45712528724231,1.61680332078806
100,120,4.5,0.113595232718263,2.95288645589125,1.59875408785444
100,120,5,0.113937447719126,1.69402662886071,1.57193523905041
100,140,0,0.114068790073007,24.1256281959293,1.61345333011206
100,140,0.5,0.105606789356109,21.8948268955914,1.60652796828218
100,140,1,0.107252649708347,18.7877375587064,1.60552476591772
100,140,1.5,0.10872675967117,15.9657649712013,1.60319040769388
100,140,2,0.109746100179193,13.4069644905797,1.59624174377973
100,140,2.5,0.110466480202921,11.1069225402502,1.58257460294813
100,140,3,0.110978427473429,9.03903373371384,1.55879886969122
100,140,3.5,0.111348216476585,7.1809312636512,1.33865556045884
100,140,4,0.111708957943836,5.51815221536445,1.32725622549184
100,140,4.5,0.112042332140732,4.02946012291674,1.30931831772157
100,140,5,0.112306700929102,2.68733560999199,1.2806130188561
100,160,0,0.113281672371513,25.882133648451,1.60310891980662
100,160,0.5,0.104454416677952,23.4131584739191,1.59762299156765
100,160,1,0.106061956077469,20.2246106186498,1.5940396875951
100,160,1.5,0.107492360167092,17.3277934014706,1.5859734844668
100,160,2,0.108477360487147,14.6982070608622,1.57056065689874
100,160,2.5,0.109158215234901,12.333852630263,1.540033096415
100,160,3,0.10962499713954,10.2070736825946,1.3635025961291
100,160,3.5,0.109943384407906,8.29500962722143,1.35861267769278
100,160,4,0.110247217409845,6.58259411277495,1.35046145291237
100,160,4.5,0.110515535869558,5.04820751647934,1.33866254230642
100,160,5,0.11070669944368,3.68260285486097,1.32029486847556
100,180,0,0.112506368929173,27.6356928947271,1.71407781873011
100,180,0.5,0.103335850943104,24.9220623835833,1.59247289673459
100,180,1,0.104906671358223,21.6524244298236,1.58632908432642
100,180,1.5,0.106294970412976,18.6811151968355,1.57404401416402
100,180,2,0.107246644282368,15.9813835746838,1.55170661419714
100,180,2.5,0.107889780741298,13.5530368013172,1.37683977374327
100,180,3,0.108313512084233,11.3677290025178,1.37705221581266
100,180,3.5,0.108583123028834,9.40201301841637,1.37622828588052
100,180,4,0.108833312838598,7.64023365015896,1.37372300153434
100,180,4.5,0.109040382214271,6.06039531430564,1.36823582870645
100,180,5,0.109162901457186,4.66990689126294,1.35848204734735
100,200,0,0.111745028776856,29.3791109740007,1.75863130621515
100,200,0.5,0.102253743148393,26.416955635271,1.5895266378699
100,200,1,0.103789654328903,23.0667598541458,1.58182608526762
100,200,1.5,0.105137810935011,20.0214646243932,1.56671329592789
100,200,2,0.106057697366056,17.2522580897295,1.53619136815944
100,200,2.5,0.10666510894525,14.7604852152007,1.38854661665347
100,200,3,0.107048248394978,12.5171358407925,1.39185642623903
100,200,3.5,0.107272095317244,10.4981693608475,1.39476592038258
100,200,4,0.107472116979269,8.68743828034668,1.39689085620564
100,200,4.5,0.107622062993716,7.06249813758901,1.39739516635728
100,200,5,0.107680789745297,5.64580458063986,1.3944208933662
